,Unnamed: 0,Unnamed: 0.1,Unnamed: 0.1.1,playerid,injury_start_date,injury_end_date
0,0,0,0,456501,2019-02-13T00:00:00,2019-09-10T00:00:00
1,1,1,1,534910,2019-02-13T00:00:00,2019-09-03T00:00:00
2,2,2,2,640455,2019-02-13T00:00:00,2019-09-01T00:00:00
3,3,3,3,608665,2019-02-13T00:00:00,2019-11-04T00:00:00
4,4,4,4,592836,2019-02-13T00:00:00,2019-09-29T00:00:00
5,5,5,5,642759,2019-02-13T00:00:00,2019-10-19T00:00:00
6,6,6,6,605254,2019-02-15T00:00:00,2019-10-31T00:00:00
7,7,7,7,572070,2019-02-17T00:00:00,2019-09-16T00:00:00
8,8,8,8,608718,2019-02-19T00:00:00,2019-09-01T00:00:00
9,9,9,9,659275,2019-02-21T00:00:00,2019-07-04T00:00:00
10,10,10,10,500724,2019-02-23T00:00:00,2019-07-30T00:00:00
11,11,11,11,641771,2019-03-01T00:00:00,2019-11-04T00:00:00
12,12,12,12,620454,2019-03-01T00:00:00,2019-08-08T00:00:00
13,13,13,13,595981,2019-03-03T00:00:00,2019-07-03T00:00:00
14,14,14,14,611093,2019-03-11T00:00:00,2019-11-04T00:00:00
15,15,15,15,521692,2019-03-11T00:00:00,2019-11-04T00:00:00
16,16,16,16,656629,2019-03-11T00:00:00,2019-10-31T00:00:00
17,17,17,17,641871,2019-03-16T00:00:00,2019-08-27T00:00:00
18,18,18,18,542888,2019-03-18T00:00:00,2019-04-12T00:00:00
19,19,19,19,592815,2019-03-18T00:00:00,2019-07-15T00:00:00
20,20,20,20,572122,2019-03-18T00:00:00,2019-05-25T00:00:00
21,21,21,21,639373,2019-03-18T00:00:00,2019-06-23T00:00:00
22,22,22,22,543302,2019-03-19T00:00:00,2019-07-02T00:00:00
23,23,23,23,461872,2019-03-19T00:00:00,2019-04-02T00:00:00
24,24,24,24,605194,2019-03-19T00:00:00,2019-07-29T00:00:00
25,25,25,25,605361,2019-03-19T00:00:00,2019-05-28T00:00:00
26,26,26,26,656756,2019-03-23T00:00:00,2019-09-15T00:00:00
27,27,27,27,605242,2019-03-23T00:00:00,2019-10-31T00:00:00
28,28,28,28,517593,2019-03-24T00:00:00,2019-07-31T00:00:00
29,29,29,29,502171,2019-03-25T00:00:00,2019-04-04T00:00:00
30,30,30,30,576397,2019-03-25T00:00:00,2019-04-05T00:00:00
31,31,31,31,581527,2019-03-25T00:00:00,2019-11-04T00:00:00
32,32,32,32,502381,2019-03-25T00:00:00,2019-05-04T00:00:00
33,33,33,33,446399,2019-03-25T00:00:00,2019-11-01T00:00:00
34,34,34,34,444432,2019-03-25T00:00:00,2019-09-02T00:00:00
35,35,35,35,593372,2019-03-25T00:00:00,2019-05-17T00:00:00
36,36,36,36,642851,2019-03-25T00:00:00,2019-04-17T00:00:00
37,37,37,37,641656,2019-03-26T00:00:00,2019-04-04T00:00:00
38,38,38,38,445055,2019-03-26T00:00:00,2019-06-24T00:00:00
39,39,39,39,592647,2019-03-26T00:00:00,2019-07-23T00:00:00
40,40,40,40,592444,2019-03-26T00:00:00,2019-04-11T00:00:00
41,41,41,41,592665,2019-03-27T00:00:00,2019-05-21T00:00:00
42,42,42,42,606983,2019-03-27T00:00:00,2019-11-04T00:00:00
43,43,43,43,519076,2019-03-27T00:00:00,2019-05-24T00:00:00
44,44,44,44,605135,2019-03-27T00:00:00,2019-04-15T00:00:00
45,45,45,45,435062,2019-03-27T00:00:00,2019-04-04T00:00:00
46,46,46,46,572191,2019-03-27T00:00:00,2019-06-28T00:00:00
47,47,47,47,456665,2019-03-27T00:00:00,2019-04-04T00:00:00
48,48,48,48,593934,2019-03-27T00:00:00,2019-05-15T00:00:00
49,49,49,49,456030,2019-03-27T00:00:00,2019-04-09T00:00:00
50,50,50,50,621068,2019-03-27T00:00:00,2019-06-23T00:00:00
51,51,51,51,592833,2019-03-27T00:00:00,2019-11-04T00:00:00
52,52,52,52,622766,2019-03-27T00:00:00,2019-06-15T00:00:00
53,53,53,53,572403,2019-03-27T00:00:00,2019-04-07T00:00:00
54,54,54,54,664028,2019-03-27T00:00:00,2019-10-30T00:00:00
55,55,55,55,656798,2019-03-27T00:00:00,2019-11-11T00:00:00
56,56,56,56,608349,2019-03-27T00:00:00,2019-11-04T00:00:00
57,57,57,57,622382,2019-03-27T00:00:00,2019-04-24T00:00:00
58,58,58,58,543483,2019-03-27T00:00:00,2019-04-26T00:00:00
59,59,59,59,608671,2019-03-27T00:00:00,2019-07-22T00:00:00
60,60,60,60,622110,2019-03-27T00:00:00,2019-07-23T00:00:00
61,61,61,61,593523,2019-03-27T00:00:00,2019-04-25T00:00:00
62,62,62,62,621566,2019-03-27T00:00:00,2019-05-07T00:00:00
63,63,63,63,571697,2019-03-28T00:00:00,2019-08-27T00:00:00
64,64,64,64,650828,2019-03-28T00:00:00,2019-11-04T00:00:00
65,65,65,65,502026,2019-03-28T00:00:00,2019-04-16T00:00:00
66,66,66,66,493316,2019-03-28T00:00:00,2019-11-04T00:00:00
67,67,67,67,621345,2019-03-28T00:00:00,2019-05-10T00:00:00
68,68,68,68,503285,2019-03-28T00:00:00,2019-09-05T00:00:00
69,69,69,69,488984,2019-03-28T00:00:00,2019-06-28T00:00:00
70,70,70,70,596451,2019-03-28T00:00:00,2019-04-18T00:00:00
71,71,71,71,518633,2019-03-28T00:00:00,2019-04-26T00:00:00
72,72,72,72,543169,2019-03-28T00:00:00,2019-05-25T00:00:00
73,73,73,73,656805,2019-03-28T00:00:00,2019-11-05T00:00:00
74,74,74,74,502082,2019-03-28T00:00:00,2019-10-31T00:00:00
75,75,75,75,553869,2019-03-28T00:00:00,2019-04-21T00:00:00
76,76,76,76,543475,2019-03-28T00:00:00,2019-04-04T00:00:00
77,77,77,77,591741,2019-03-28T00:00:00,2019-05-03T00:00:00
78,78,78,78,570256,2019-03-28T00:00:00,2019-04-22T00:00:00
79,79,79,79,543734,2019-03-28T00:00:00,2019-05-31T00:00:00
80,80,80,80,622608,2019-03-28T00:00:00,2019-07-21T00:00:00
81,81,81,81,621366,2019-03-28T00:00:00,2019-07-22T00:00:00
82,82,82,82,453329,2019-03-28T00:00:00,2019-04-13T00:00:00
83,83,83,83,475479,2019-03-28T00:00:00,2019-06-17T00:00:00
84,84,84,84,572193,2019-03-28T00:00:00,2019-04-18T00:00:00
85,85,85,85,621121,2019-03-28T00:00:00,2019-11-04T00:00:00
86,86,86,86,501925,2019-03-28T00:00:00,2019-07-12T00:00:00
87,87,87,87,641505,2019-03-28T00:00:00,2019-04-24T00:00:00
88,88,88,88,501817,2019-03-28T00:00:00,2019-06-27T00:00:00
89,89,89,89,458584,2019-03-28T00:00:00,2019-05-11T00:00:00
90,90,90,90,453344,2019-03-28T00:00:00,2019-11-04T00:00:00
91,91,91,91,519008,2019-03-28T00:00:00,2019-04-30T00:00:00
92,92,92,92,519306,2019-03-28T00:00:00,2019-11-04T00:00:00
93,93,93,93,607455,2019-03-28T00:00:00,2019-08-23T00:00:00
94,94,94,94,592254,2019-03-28T00:00:00,2019-07-03T00:00:00
95,95,95,95,596019,2019-03-28T00:00:00,2019-04-20T00:00:00
96,96,96,96,608652,2019-03-28T00:00:00,2019-08-23T00:00:00
97,97,97,97,605548,2019-03-28T00:00:00,2019-08-30T00:00:00
98,98,98,98,622795,2019-03-28T00:00:00,2019-08-26T00:00:00
99,99,99,99,543401,2019-03-28T00:00:00,2019-04-15T00:00:00
100,100,100,100,518595,2019-03-28T00:00:00,2019-04-07T00:00:00
101,101,101,101,622098,2019-03-28T00:00:00,2019-11-04T00:00:00
102,102,102,102,621294,2019-03-28T00:00:00,2019-09-10T00:00:00
103,103,103,103,622663,2019-03-28T00:00:00,2019-09-17T00:00:00
104,104,104,104,607468,2019-03-28T00:00:00,2019-06-14T00:00:00
105,105,105,105,592332,2019-03-28T00:00:00,2019-04-05T00:00:00
106,106,106,106,596720,2019-03-28T00:00:00,2019-04-16T00:00:00
107,107,107,107,518566,2019-03-28T00:00:00,2019-04-08T00:00:00
108,108,108,108,607374,2019-03-28T00:00:00,2019-04-28T00:00:00
109,109,109,109,571561,2019-03-28T00:00:00,2019-10-31T00:00:00
110,110,110,110,448179,2019-03-28T00:00:00,2019-04-28T00:00:00
111,111,111,111,477132,2019-03-28T00:00:00,2019-04-15T00:00:00
112,112,112,112,660271,2019-03-28T00:00:00,2019-05-07T00:00:00
113,113,113,113,457708,2019-03-28T00:00:00,2019-06-17T00:00:00
114,114,114,114,641684,2019-03-28T00:00:00,2019-06-03T00:00:00
115,115,115,115,571760,2019-03-28T00:00:00,2019-05-26T00:00:00
116,116,116,116,592314,2019-03-28T00:00:00,2019-06-23T00:00:00
117,117,117,117,453943,2019-03-28T00:00:00,2019-04-22T00:00:00
118,118,118,118,476704,2019-03-28T00:00:00,2019-09-07T00:00:00
119,119,119,119,476454,2019-03-28T00:00:00,2019-09-15T00:00:00
120,120,120,120,453056,2019-03-28T00:00:00,2019-11-04T00:00:00
121,121,121,121,544369,2019-03-28T00:00:00,2019-06-07T00:00:00
122,122,122,122,543305,2019-03-28T00:00:00,2019-05-13T00:00:00
123,123,123,123,622072,2019-03-28T00:00:00,2019-07-28T00:00:00
124,124,124,124,519326,2019-03-30T00:00:00,2019-07-28T00:00:00
125,125,125,125,572122,2019-03-30T00:00:00,2019-05-25T00:00:00
126,126,126,126,643265,2019-03-31T00:00:00,2019-04-30T00:00:00
127,127,127,127,453385,2019-04-01T00:00:00,2019-05-23T00:00:00
128,128,128,128,519317,2019-04-01T00:00:00,2019-06-18T00:00:00
129,129,129,129,621563,2019-04-01T00:00:00,2019-04-21T00:00:00
130,130,130,130,502517,2019-04-01T00:00:00,2019-04-24T00:00:00
131,131,131,131,609280,2019-04-01T00:00:00,2019-05-04T00:00:00
132,132,132,132,459429,2019-04-02T00:00:00,2019-05-17T00:00:00
133,133,133,133,282332,2019-04-03T00:00:00,2019-04-13T00:00:00
134,134,134,134,607208,2019-04-03T00:00:00,2019-05-17T00:00:00
135,135,135,135,453064,2019-04-04T00:00:00,2019-07-25T00:00:00
136,136,136,136,572816,2019-04-04T00:00:00,2019-10-31T00:00:00
137,137,137,137,450172,2019-04-05T00:00:00,2019-09-01T00:00:00
138,138,138,138,605195,2019-04-05T00:00:00,2019-04-16T00:00:00
139,139,139,139,571875,2019-04-05T00:00:00,2019-06-26T00:00:00
140,140,140,140,598271,2019-04-06T00:00:00,2019-06-14T00:00:00
141,141,141,141,543557,2019-04-06T00:00:00,2019-05-08T00:00:00
142,142,142,142,641857,2019-04-06T00:00:00,2019-04-18T00:00:00
143,143,143,143,571788,2019-04-06T00:00:00,2019-05-27T00:00:00
144,144,144,144,488671,2019-04-07T00:00:00,2019-05-11T00:00:00
145,145,145,145,608597,2019-04-07T00:00:00,2019-07-23T00:00:00
146,146,146,146,435263,2019-04-07T00:00:00,2019-04-17T00:00:00
147,147,147,147,542881,2019-04-07T00:00:00,2019-05-04T00:00:00
148,148,148,148,519043,2019-04-07T00:00:00,2019-10-31T00:00:00
149,149,149,149,614173,2019-04-08T00:00:00,2019-11-04T00:00:00
150,150,150,150,571901,2019-04-08T00:00:00,2019-10-31T00:00:00
151,151,151,151,605182,2019-04-09T00:00:00,2019-06-17T00:00:00
152,152,152,152,501992,2019-04-09T00:00:00,2019-08-02T00:00:00
153,153,153,153,547943,2019-04-09T00:00:00,2019-04-20T00:00:00
154,154,154,154,607473,2019-04-09T00:00:00,2019-05-10T00:00:00
155,155,155,155,502171,2019-04-09T00:00:00,2019-04-20T00:00:00
156,156,156,156,621311,2019-04-09T00:00:00,2019-04-18T00:00:00
157,157,157,157,452657,2019-04-10T00:00:00,2019-04-25T00:00:00
158,158,158,158,431145,2019-04-10T00:00:00,2019-04-27T00:00:00
159,159,159,159,542947,2019-04-11T00:00:00,2019-05-16T00:00:00
160,160,160,160,621028,2019-04-11T00:00:00,2019-05-04T00:00:00
161,161,161,161,596142,2019-04-12T00:00:00,2019-04-24T00:00:00
162,162,162,162,605170,2019-04-12T00:00:00,2019-05-16T00:00:00
163,163,163,163,502522,2019-04-13T00:00:00,2019-04-26T00:00:00
164,164,164,164,596059,2019-04-13T00:00:00,2019-04-26T00:00:00
165,165,165,165,474568,2019-04-14T00:00:00,2019-04-30T00:00:00
166,166,166,166,453281,2019-04-14T00:00:00,2019-05-18T00:00:00
167,167,167,167,527055,2019-04-14T00:00:00,2019-10-31T00:00:00
168,168,168,168,502085,2019-04-15T00:00:00,2019-11-04T00:00:00
169,169,169,169,458924,2019-04-15T00:00:00,2019-05-10T00:00:00
170,170,170,170,572140,2019-04-15T00:00:00,2019-04-26T00:00:00
171,171,171,171,455104,2019-04-15T00:00:00,2019-05-03T00:00:00
172,172,172,172,642547,2019-04-16T00:00:00,2019-08-18T00:00:00
173,173,173,173,605483,2019-04-16T00:00:00,2019-04-24T00:00:00
174,174,174,174,592169,2019-04-16T00:00:00,2019-05-03T00:00:00
175,175,175,175,594577,2019-04-16T00:00:00,2019-07-23T00:00:00
176,176,176,176,571595,2019-04-16T00:00:00,2019-05-27T00:00:00
177,177,177,177,595885,2019-04-16T00:00:00,2019-11-04T00:00:00
178,178,178,178,641933,2019-04-16T00:00:00,2019-05-04T00:00:00
179,179,179,179,462136,2019-04-17T00:00:00,2019-08-20T00:00:00
180,180,180,180,664056,2019-04-17T00:00:00,2019-07-29T00:00:00
181,181,181,181,621514,2019-04-18T00:00:00,2019-05-09T00:00:00
182,182,182,182,546318,2019-04-18T00:00:00,2019-05-04T00:00:00
183,183,183,183,608337,2019-04-18T00:00:00,2019-05-02T00:00:00
184,184,184,184,456488,2019-04-19T00:00:00,2019-05-04T00:00:00
185,185,185,185,657117,2019-04-19T00:00:00,2019-11-04T00:00:00
186,186,186,186,456030,2019-04-19T00:00:00,2019-10-31T00:00:00
187,187,187,187,516416,2019-04-20T00:00:00,2019-04-27T00:00:00
188,188,188,188,516782,2019-04-20T00:00:00,2019-04-30T00:00:00
189,189,189,189,570481,2019-04-20T00:00:00,2019-08-02T00:00:00
190,190,190,190,664068,2019-04-20T00:00:00,2019-05-19T00:00:00
191,191,191,191,594798,2019-04-20T00:00:00,2019-04-26T00:00:00
192,192,192,192,543135,2019-04-20T00:00:00,2019-07-20T00:00:00
193,193,193,193,644364,2019-04-20T00:00:00,2019-11-04T00:00:00
194,194,194,194,607732,2019-04-21T00:00:00,2019-05-17T00:00:00
195,195,195,195,640457,2019-04-21T00:00:00,2019-05-10T00:00:00
196,196,196,196,533167,2019-04-21T00:00:00,2019-11-04T00:00:00
197,197,197,197,592450,2019-04-21T00:00:00,2019-06-21T00:00:00
198,198,198,198,607536,2019-04-22T00:00:00,2019-05-31T00:00:00
199,199,199,199,608379,2019-04-22T00:00:00,2019-04-29T00:00:00
200,200,200,200,458677,2019-04-22T00:00:00,2019-05-06T00:00:00
201,201,201,201,543278,2019-04-23T00:00:00,2019-08-09T00:00:00
202,202,202,202,592767,2019-04-23T00:00:00,2019-05-05T00:00:00
203,203,203,203,461314,2019-04-23T00:00:00,2019-05-04T00:00:00
204,204,204,204,595897,2019-04-23T00:00:00,2019-11-04T00:00:00
205,205,205,205,446359,2019-04-24T00:00:00,2019-05-07T00:00:00
206,206,206,206,621563,2019-04-25T00:00:00,2019-06-14T00:00:00
207,207,207,207,596451,2019-04-25T00:00:00,2019-06-17T00:00:00
208,208,208,208,640449,2019-04-25T00:00:00,2019-05-06T00:00:00
209,209,209,209,621368,2019-04-26T00:00:00,2019-11-04T00:00:00
210,210,210,210,519455,2019-04-26T00:00:00,2019-06-19T00:00:00
211,211,211,211,446263,2019-04-26T00:00:00,2019-06-13T00:00:00
212,212,212,212,592102,2019-04-26T00:00:00,2019-05-07T00:00:00
213,213,213,213,572096,2019-04-26T00:00:00,2019-06-08T00:00:00
214,214,214,214,592145,2019-04-27T00:00:00,2019-05-14T00:00:00
215,215,215,215,502042,2019-04-27T00:00:00,2019-05-15T00:00:00
216,216,216,216,650391,2019-04-28T00:00:00,2019-05-20T00:00:00
217,217,217,217,553902,2019-04-28T00:00:00,2019-06-08T00:00:00
218,218,218,218,621114,2019-04-28T00:00:00,2019-05-06T00:00:00
219,219,219,219,475582,2019-04-28T00:00:00,2019-06-28T00:00:00
220,220,220,220,657571,2019-04-28T00:00:00,2019-05-27T00:00:00
221,221,221,221,518858,2019-04-28T00:00:00,2019-11-01T00:00:00
222,222,222,222,502171,2019-04-28T00:00:00,2019-11-04T00:00:00
223,223,223,223,592192,2019-04-29T00:00:00,2019-05-13T00:00:00
224,224,224,224,658792,2019-04-29T00:00:00,2019-05-11T00:00:00
225,225,225,225,656977,2019-04-29T00:00:00,2019-05-25T00:00:00
226,226,226,226,502706,2019-04-29T00:00:00,2019-05-08T00:00:00
227,227,227,227,543281,2019-04-30T00:00:00,2019-05-13T00:00:00
228,228,228,228,572041,2019-04-30T00:00:00,2019-07-12T00:00:00
229,229,229,229,665487,2019-04-30T00:00:00,2019-06-06T00:00:00
230,230,230,230,543685,2019-04-30T00:00:00,2019-05-07T00:00:00
231,231,231,231,502624,2019-05-01T00:00:00,2019-05-18T00:00:00
232,232,232,232,544727,2019-05-01T00:00:00,2019-05-14T00:00:00
233,233,233,233,607074,2019-05-02T00:00:00,2019-10-31T00:00:00
234,234,234,234,606167,2019-05-02T00:00:00,2019-07-02T00:00:00
235,235,235,235,621056,2019-05-02T00:00:00,2019-06-07T00:00:00
236,236,236,236,456124,2019-05-03T00:00:00,2019-05-11T00:00:00
237,237,237,237,446372,2019-05-03T00:00:00,2019-11-04T00:00:00
238,238,238,238,624407,2019-05-04T00:00:00,2019-07-01T00:00:00
239,239,239,239,572020,2019-05-04T00:00:00,2019-05-29T00:00:00
240,240,240,240,643466,2019-05-04T00:00:00,2019-07-17T00:00:00
241,241,241,241,665742,2019-05-04T00:00:00,2019-05-11T00:00:00
242,242,242,242,501593,2019-05-04T00:00:00,2019-07-02T00:00:00
243,243,243,243,592791,2019-05-04T00:00:00,2019-11-04T00:00:00
244,244,244,244,643265,2019-05-04T00:00:00,2019-05-11T00:00:00
245,245,245,245,622259,2019-05-05T00:00:00,2019-07-21T00:00:00
246,246,246,246,571431,2019-05-05T00:00:00,2019-05-22T00:00:00
247,247,247,247,456034,2019-05-06T00:00:00,2019-05-20T00:00:00
248,248,248,248,450306,2019-05-06T00:00:00,2019-05-25T00:00:00
249,249,249,249,448609,2019-05-07T00:00:00,2019-05-20T00:00:00
250,250,250,250,467008,2019-05-08T00:00:00,2019-06-04T00:00:00
251,251,251,251,605309,2019-05-08T00:00:00,2019-07-23T00:00:00
252,252,252,252,608716,2019-05-08T00:00:00,2019-11-01T00:00:00
253,253,253,253,457763,2019-05-09T00:00:00,2019-05-17T00:00:00
254,254,254,254,518875,2019-05-09T00:00:00,2019-05-21T00:00:00
255,255,255,255,519141,2019-05-09T00:00:00,2019-05-19T00:00:00
256,256,256,256,664057,2019-05-09T00:00:00,2019-05-25T00:00:00
257,257,257,257,571927,2019-05-09T00:00:00,2019-05-18T00:00:00
258,258,258,258,474568,2019-05-09T00:00:00,2019-07-01T00:00:00
259,259,259,259,453329,2019-05-10T00:00:00,2019-08-25T00:00:00
260,260,260,260,572287,2019-05-10T00:00:00,2019-05-31T00:00:00
261,261,261,261,664238,2019-05-10T00:00:00,2019-05-25T00:00:00
262,262,262,262,607192,2019-05-11T00:00:00,2019-09-08T00:00:00
263,263,263,263,458677,2019-05-11T00:00:00,2019-07-02T00:00:00
264,264,264,264,543903,2019-05-11T00:00:00,2019-11-04T00:00:00
265,265,265,265,592826,2019-05-11T00:00:00,2019-05-24T00:00:00
266,266,266,266,598284,2019-05-11T00:00:00,2019-06-22T00:00:00
267,267,267,267,433587,2019-05-12T00:00:00,2019-08-24T00:00:00
268,268,268,268,514888,2019-05-12T00:00:00,2019-06-19T00:00:00
269,269,269,269,472610,2019-05-13T00:00:00,2019-05-25T00:00:00
270,270,270,270,642528,2019-05-13T00:00:00,2019-08-24T00:00:00
271,271,271,271,475115,2019-05-13T00:00:00,2019-10-31T00:00:00
272,272,272,272,628356,2019-05-13T00:00:00,2019-06-08T00:00:00
273,273,273,273,591693,2019-05-13T00:00:00,2019-06-23T00:00:00
274,274,274,274,609280,2019-05-13T00:00:00,2019-11-04T00:00:00
275,275,275,275,543768,2019-05-14T00:00:00,2019-06-28T00:00:00
276,276,276,276,571980,2019-05-14T00:00:00,2019-06-04T00:00:00
277,277,277,277,462101,2019-05-15T00:00:00,2019-05-25T00:00:00
278,278,278,278,542255,2019-05-15T00:00:00,2019-07-18T00:00:00
279,279,279,279,641598,2019-05-15T00:00:00,2019-06-02T00:00:00
280,280,280,280,621532,2019-05-16T00:00:00,2019-07-15T00:00:00
281,281,281,281,444489,2019-05-16T00:00:00,2019-06-01T00:00:00
282,282,282,282,434671,2019-05-17T00:00:00,2019-05-29T00:00:00
283,283,283,283,628317,2019-05-17T00:00:00,2019-05-26T00:00:00
284,284,284,284,592866,2019-05-17T00:00:00,2019-06-19T00:00:00
285,285,285,285,544365,2019-05-17T00:00:00,2019-05-25T00:00:00
286,286,286,286,443558,2019-05-17T00:00:00,2019-06-03T00:00:00
287,287,287,287,624424,2019-05-17T00:00:00,2019-05-26T00:00:00
288,288,288,288,502522,2019-05-18T00:00:00,2019-07-30T00:00:00
289,289,289,289,607625,2019-05-20T00:00:00,2019-05-31T00:00:00
290,290,290,290,527038,2019-05-21T00:00:00,2019-07-18T00:00:00
291,291,291,291,592743,2019-05-21T00:00:00,2019-06-27T00:00:00
292,292,292,292,592387,2019-05-21T00:00:00,2019-10-28T00:00:00
293,293,293,293,542932,2019-05-21T00:00:00,2019-07-31T00:00:00
294,294,294,294,664157,2019-05-21T00:00:00,2019-08-08T00:00:00
295,295,295,295,543829,2019-05-21T00:00:00,2019-06-11T00:00:00
296,296,296,296,435043,2019-05-21T00:00:00,2019-05-31T00:00:00
297,297,297,297,476451,2019-05-21T00:00:00,2019-09-01T00:00:00
298,298,298,298,572193,2019-05-21T00:00:00,2019-09-01T00:00:00
299,299,299,299,543521,2019-05-21T00:00:00,2019-06-24T00:00:00
300,300,300,300,458584,2019-05-22T00:00:00,2019-10-31T00:00:00
301,301,301,301,641432,2019-05-22T00:00:00,2019-07-16T00:00:00
302,302,302,302,607345,2019-05-22T00:00:00,2019-06-07T00:00:00
303,303,303,303,607043,2019-05-22T00:00:00,2019-09-01T00:00:00
304,304,304,304,542881,2019-05-22T00:00:00,2019-10-30T00:00:00
305,305,305,305,451584,2019-05-22T00:00:00,2019-06-07T00:00:00
306,306,306,306,643446,2019-05-23T00:00:00,2019-06-04T00:00:00
307,307,307,307,282332,2019-05-23T00:00:00,2019-06-02T00:00:00
308,308,308,308,592804,2019-05-23T00:00:00,2019-07-10T00:00:00
309,309,309,309,429664,2019-05-23T00:00:00,2019-06-05T00:00:00
310,310,310,310,650490,2019-05-23T00:00:00,2019-06-02T00:00:00
311,311,311,311,543105,2019-05-23T00:00:00,2019-06-02T00:00:00
312,312,312,312,501981,2019-05-24T00:00:00,2019-06-01T00:00:00
313,313,313,313,444482,2019-05-24T00:00:00,2019-06-03T00:00:00
314,314,314,314,595453,2019-05-24T00:00:00,2019-11-01T00:00:00
315,315,315,315,543807,2019-05-25T00:00:00,2019-06-24T00:00:00
316,316,316,316,456078,2019-05-25T00:00:00,2019-06-01T00:00:00
317,317,317,317,641627,2019-05-25T00:00:00,2019-06-05T00:00:00
318,318,318,318,518774,2019-05-25T00:00:00,2019-07-13T00:00:00
319,319,319,319,450212,2019-05-25T00:00:00,2019-06-16T00:00:00
320,320,320,320,608717,2019-05-25T00:00:00,2019-06-18T00:00:00
321,321,321,321,465041,2019-05-26T00:00:00,2019-08-22T00:00:00
322,322,322,322,641835,2019-05-26T00:00:00,2019-11-04T00:00:00
323,323,323,323,545332,2019-05-26T00:00:00,2019-11-04T00:00:00
324,324,324,324,545358,2019-05-26T00:00:00,2019-06-21T00:00:00
325,325,325,325,448801,2019-05-26T00:00:00,2019-06-04T00:00:00
326,326,326,326,649557,2019-05-27T00:00:00,2019-07-22T00:00:00
327,327,327,327,453568,2019-05-27T00:00:00,2019-06-07T00:00:00
328,328,328,328,605131,2019-05-27T00:00:00,2019-07-25T00:00:00
329,329,329,329,596133,2019-05-27T00:00:00,2019-09-21T00:00:00
330,330,330,330,543281,2019-05-28T00:00:00,2019-08-09T00:00:00
331,331,331,331,621114,2019-05-28T00:00:00,2019-10-31T00:00:00
332,332,332,332,446359,2019-05-28T00:00:00,2019-11-04T00:00:00
333,333,333,333,501381,2019-05-28T00:00:00,2019-06-07T00:00:00
334,334,334,334,641487,2019-05-29T00:00:00,2019-06-14T00:00:00
335,335,335,335,621097,2019-05-29T00:00:00,2019-07-04T00:00:00
336,336,336,336,621043,2019-05-29T00:00:00,2019-07-26T00:00:00
337,337,337,337,519048,2019-05-29T00:00:00,2019-06-07T00:00:00
338,338,338,338,605388,2019-05-29T00:00:00,2019-06-21T00:00:00
339,339,339,339,543883,2019-05-29T00:00:00,2019-07-29T00:00:00
340,340,340,340,584171,2019-05-30T00:00:00,2019-06-17T00:00:00
341,341,341,341,596112,2019-05-31T00:00:00,2019-06-16T00:00:00
342,342,342,342,621107,2019-05-31T00:00:00,2019-06-07T00:00:00
343,343,343,343,435522,2019-05-31T00:00:00,2019-06-25T00:00:00
344,344,344,344,425877,2019-05-31T00:00:00,2019-06-11T00:00:00
345,345,345,345,607345,2019-05-31T00:00:00,2019-06-07T00:00:00
346,346,346,346,461829,2019-06-01T00:00:00,2019-07-20T00:00:00
347,347,347,347,596119,2019-06-01T00:00:00,2019-08-07T00:00:00
348,348,348,348,456665,2019-06-01T00:00:00,2019-10-31T00:00:00
349,349,349,349,468504,2019-06-02T00:00:00,2019-06-17T00:00:00
350,350,350,350,608336,2019-06-02T00:00:00,2019-06-25T00:00:00
351,351,351,351,519096,2019-06-02T00:00:00,2019-09-01T00:00:00
352,352,352,352,641531,2019-06-03T00:00:00,2019-11-01T00:00:00
353,353,353,353,607473,2019-06-03T00:00:00,2019-10-28T00:00:00
354,354,354,354,664871,2019-06-04T00:00:00,2019-07-28T00:00:00
355,355,355,355,622446,2019-06-04T00:00:00,2019-09-06T00:00:00
356,356,356,356,592712,2019-06-04T00:00:00,2019-10-28T00:00:00
357,357,357,357,600869,2019-06-04T00:00:00,2019-06-15T00:00:00
358,358,358,358,465041,2019-06-04T00:00:00,2019-08-22T00:00:00
359,359,359,359,644364,2019-06-04T00:00:00,2019-11-04T00:00:00
360,360,360,360,457705,2019-06-04T00:00:00,2019-11-04T00:00:00
361,361,361,361,623323,2019-06-05T00:00:00,2019-09-01T00:00:00
362,362,362,362,457763,2019-06-05T00:00:00,2019-06-12T00:00:00
363,363,363,363,621381,2019-06-05T00:00:00,2019-06-13T00:00:00
364,364,364,364,471911,2019-06-05T00:00:00,2019-09-01T00:00:00
365,365,365,365,607461,2019-06-05T00:00:00,2019-06-20T00:00:00
366,366,366,366,445197,2019-06-06T00:00:00,2019-06-13T00:00:00
367,367,367,367,571745,2019-06-07T00:00:00,2019-09-30T00:00:00
368,368,368,368,592761,2019-06-07T00:00:00,2019-07-06T00:00:00
369,369,369,369,596105,2019-06-07T00:00:00,2019-06-20T00:00:00
370,370,370,370,622554,2019-06-07T00:00:00,2019-11-04T00:00:00
371,371,371,371,656514,2019-06-08T00:00:00,2019-06-28T00:00:00
372,372,372,372,576397,2019-06-08T00:00:00,2019-08-18T00:00:00
373,373,373,373,519048,2019-06-08T00:00:00,2019-07-23T00:00:00
374,374,374,374,606959,2019-06-08T00:00:00,2019-08-13T00:00:00
375,375,375,375,476589,2019-06-08T00:00:00,2019-10-31T00:00:00
376,376,376,376,502239,2019-06-09T00:00:00,2019-06-26T00:00:00
377,377,377,377,460026,2019-06-09T00:00:00,2019-07-24T00:00:00
378,378,378,378,593334,2019-06-09T00:00:00,2019-07-03T00:00:00
379,379,379,379,592229,2019-06-09T00:00:00,2019-07-29T00:00:00
380,380,380,380,429664,2019-06-09T00:00:00,2019-06-16T00:00:00
381,381,381,381,425794,2019-06-10T00:00:00,2019-06-20T00:00:00
382,382,382,382,543475,2019-06-10T00:00:00,2019-06-29T00:00:00
383,383,383,383,493200,2019-06-10T00:00:00,2019-07-26T00:00:00
384,384,384,384,605240,2019-06-10T00:00:00,2019-06-18T00:00:00
385,385,385,385,518397,2019-06-11T00:00:00,2019-11-04T00:00:00
386,386,386,386,592332,2019-06-11T00:00:00,2019-07-21T00:00:00
387,387,387,387,571704,2019-06-12T00:00:00,2019-06-20T00:00:00
388,388,388,388,570632,2019-06-12T00:00:00,2019-09-01T00:00:00
389,389,389,389,641541,2019-06-12T00:00:00,2019-07-19T00:00:00
390,390,390,390,434778,2019-06-13T00:00:00,2019-06-25T00:00:00
391,391,391,391,664854,2019-06-13T00:00:00,2019-07-03T00:00:00
392,392,392,392,605218,2019-06-13T00:00:00,2019-07-22T00:00:00
393,393,393,393,672773,2019-06-13T00:00:00,2019-09-12T00:00:00
394,394,394,394,608369,2019-06-13T00:00:00,2019-07-10T00:00:00
395,395,395,395,624414,2019-06-13T00:00:00,2019-11-04T00:00:00
396,396,396,396,592165,2019-06-14T00:00:00,2019-08-06T00:00:00
397,397,397,397,445988,2019-06-14T00:00:00,2019-07-18T00:00:00
398,398,398,398,488671,2019-06-14T00:00:00,2019-06-28T00:00:00
399,399,399,399,572998,2019-06-14T00:00:00,2019-07-06T00:00:00
400,400,400,400,592390,2019-06-14T00:00:00,2019-07-04T00:00:00
401,401,401,401,605309,2019-06-15T00:00:00,2019-07-23T00:00:00
402,402,402,402,606988,2019-06-15T00:00:00,2019-08-24T00:00:00
403,403,403,403,593974,2019-06-15T00:00:00,2019-08-06T00:00:00
404,404,404,404,543294,2019-06-15T00:00:00,2019-07-02T00:00:00
405,405,405,405,607457,2019-06-16T00:00:00,2019-07-10T00:00:00
406,406,406,406,596105,2019-06-16T00:00:00,2019-06-20T00:00:00
407,407,407,407,592789,2019-06-16T00:00:00,2019-06-30T00:00:00
408,408,408,408,595191,2019-06-17T00:00:00,2019-08-20T00:00:00
409,409,409,409,452254,2019-06-17T00:00:00,2019-07-16T00:00:00
410,410,410,410,544727,2019-06-18T00:00:00,2019-07-02T00:00:00
411,411,411,411,456078,2019-06-18T00:00:00,2019-07-16T00:00:00
412,412,412,412,475253,2019-06-18T00:00:00,2019-06-28T00:00:00
413,413,413,413,501303,2019-06-18T00:00:00,2019-06-28T00:00:00
414,414,414,414,621439,2019-06-18T00:00:00,2019-06-29T00:00:00
415,415,415,415,429719,2019-06-18T00:00:00,2019-07-14T00:00:00
416,416,416,416,605488,2019-06-19T00:00:00,2019-09-01T00:00:00
417,417,417,417,584171,2019-06-19T00:00:00,2019-07-15T00:00:00
418,418,418,418,656794,2019-06-19T00:00:00,2019-06-25T00:00:00
419,419,419,419,641154,2019-06-19T00:00:00,2019-08-26T00:00:00
420,420,420,420,650490,2019-06-19T00:00:00,2019-06-27T00:00:00
421,421,421,421,544365,2019-06-19T00:00:00,2019-09-01T00:00:00
422,422,422,422,503556,2019-06-19T00:00:00,2019-06-29T00:00:00
423,423,423,423,607345,2019-06-20T00:00:00,2019-07-12T00:00:00
424,424,424,424,609275,2019-06-20T00:00:00,2019-07-02T00:00:00
425,425,425,425,450212,2019-06-20T00:00:00,2019-11-04T00:00:00
426,426,426,426,448179,2019-06-20T00:00:00,2019-09-12T00:00:00
427,427,427,427,607644,2019-06-20T00:00:00,2019-06-28T00:00:00
428,428,428,428,596115,2019-06-20T00:00:00,2019-07-02T00:00:00
429,429,429,429,595751,2019-06-21T00:00:00,2019-06-28T00:00:00
430,430,430,430,621453,2019-06-21T00:00:00,2019-07-03T00:00:00
431,431,431,431,605182,2019-06-21T00:00:00,2019-06-28T00:00:00
432,432,432,432,621002,2019-06-22T00:00:00,2019-07-30T00:00:00
433,433,433,433,621532,2019-06-22T00:00:00,2019-07-15T00:00:00
434,434,434,434,570256,2019-06-22T00:00:00,2019-11-04T00:00:00
435,435,435,435,650895,2019-06-23T00:00:00,2019-07-12T00:00:00
436,436,436,436,501896,2019-06-23T00:00:00,2019-07-08T00:00:00
437,437,437,437,595014,2019-06-23T00:00:00,2019-07-03T00:00:00
438,438,438,438,457727,2019-06-23T00:00:00,2019-07-26T00:00:00
439,439,439,439,663898,2019-06-25T00:00:00,2019-11-04T00:00:00
440,440,440,440,663855,2019-06-25T00:00:00,2019-11-01T00:00:00
441,441,441,441,519317,2019-06-26T00:00:00,2019-09-18T00:00:00
442,442,442,442,669257,2019-06-26T00:00:00,2019-07-06T00:00:00
443,443,443,443,642028,2019-06-26T00:00:00,2019-10-30T00:00:00
444,444,444,444,553902,2019-06-27T00:00:00,2019-09-01T00:00:00
445,445,445,445,571466,2019-06-28T00:00:00,2019-07-26T00:00:00
446,446,446,446,592696,2019-06-28T00:00:00,2019-07-16T00:00:00
447,447,447,447,641313,2019-06-28T00:00:00,2019-07-29T00:00:00
448,448,448,448,519076,2019-06-28T00:00:00,2019-09-01T00:00:00
449,449,449,449,502748,2019-06-28T00:00:00,2019-08-18T00:00:00
450,450,450,450,594027,2019-06-28T00:00:00,2019-07-16T00:00:00
451,451,451,451,605513,2019-06-28T00:00:00,2019-07-12T00:00:00
452,452,452,452,542303,2019-06-29T00:00:00,2019-08-03T00:00:00
453,453,453,453,430935,2019-06-29T00:00:00,2019-08-03T00:00:00
454,454,454,454,598271,2019-06-29T00:00:00,2019-11-27T00:00:00
455,455,455,455,572039,2019-06-30T00:00:00,2019-08-03T00:00:00
456,456,456,456,461872,2019-06-30T00:00:00,2019-07-12T00:00:00
457,457,457,457,572228,2019-07-02T00:00:00,2019-07-13T00:00:00
458,458,458,458,572761,2019-07-02T00:00:00,2019-07-11T00:00:00
459,459,459,459,596847,2019-07-03T00:00:00,2019-07-13T00:00:00
460,460,460,460,543606,2019-07-03T00:00:00,2019-07-13T00:00:00
461,461,461,461,664199,2019-07-03T00:00:00,2019-07-19T00:00:00
462,462,462,462,571718,2019-07-03T00:00:00,2019-07-16T00:00:00
463,463,463,463,600303,2019-07-03T00:00:00,2019-09-27T00:00:00
464,464,464,464,504379,2019-07-04T00:00:00,2019-07-16T00:00:00
465,465,465,465,607237,2019-07-04T00:00:00,2019-07-20T00:00:00
466,466,466,466,592444,2019-07-04T00:00:00,2019-07-19T00:00:00
467,467,467,467,664040,2019-07-04T00:00:00,2019-09-22T00:00:00
468,468,468,468,444482,2019-07-05T00:00:00,2019-07-24T00:00:00
469,469,469,469,622505,2019-07-05T00:00:00,2019-07-14T00:00:00
470,470,470,470,613534,2019-07-06T00:00:00,2019-09-01T00:00:00
471,471,471,471,656186,2019-07-06T00:00:00,2019-09-01T00:00:00
472,472,472,472,543068,2019-07-06T00:00:00,2019-07-16T00:00:00
473,473,473,473,643230,2019-07-06T00:00:00,2019-08-06T00:00:00
474,474,474,474,664774,2019-07-07T00:00:00,2019-09-01T00:00:00
475,475,475,475,621237,2019-07-10T00:00:00,2019-08-13T00:00:00
476,476,476,476,458924,2019-07-11T00:00:00,2019-10-31T00:00:00
477,477,477,477,425877,2019-07-11T00:00:00,2019-08-12T00:00:00
478,478,478,478,518960,2019-07-12T00:00:00,2019-07-31T00:00:00
479,479,479,479,594736,2019-07-12T00:00:00,2019-11-04T00:00:00
480,480,480,480,475054,2019-07-12T00:00:00,2019-07-20T00:00:00
481,481,481,481,594795,2019-07-12T00:00:00,2019-09-12T00:00:00
482,482,482,482,605164,2019-07-13T00:00:00,2019-07-23T00:00:00
483,483,483,483,446481,2019-07-13T00:00:00,2019-07-24T00:00:00
484,484,484,484,453286,2019-07-13T00:00:00,2019-07-25T00:00:00
485,485,485,485,488984,2019-07-14T00:00:00,2019-10-31T00:00:00
486,486,486,486,453385,2019-07-14T00:00:00,2019-09-02T00:00:00
487,487,487,487,453214,2019-07-14T00:00:00,2019-10-18T00:00:00
488,488,488,488,621035,2019-07-15T00:00:00,2019-08-20T00:00:00
489,489,489,489,446334,2019-07-15T00:00:00,2019-08-04T00:00:00
490,490,490,490,591693,2019-07-16T00:00:00,2019-09-17T00:00:00
491,491,491,491,572761,2019-07-16T00:00:00,2019-08-04T00:00:00
492,492,492,492,592169,2019-07-16T00:00:00,2019-08-08T00:00:00
493,493,493,493,608331,2019-07-16T00:00:00,2019-07-27T00:00:00
494,494,494,494,575929,2019-07-16T00:00:00,2019-07-24T00:00:00
495,495,495,495,621439,2019-07-16T00:00:00,2019-07-25T00:00:00
496,496,496,496,592145,2019-07-16T00:00:00,2019-10-31T00:00:00
497,497,497,497,554430,2019-07-16T00:00:00,2019-07-26T00:00:00
498,498,498,498,650391,2019-07-17T00:00:00,2019-07-28T00:00:00
499,499,499,499,457803,2019-07-17T00:00:00,2019-08-08T00:00:00
500,500,500,500,609275,2019-07-17T00:00:00,2019-09-01T00:00:00
501,501,501,501,592200,2019-07-18T00:00:00,2019-08-24T00:00:00
502,502,502,502,571657,2019-07-18T00:00:00,2019-07-28T00:00:00
503,503,503,503,518960,2019-07-18T00:00:00,2019-07-31T00:00:00
504,504,504,504,456696,2019-07-18T00:00:00,2019-07-31T00:00:00
505,505,505,505,595375,2019-07-18T00:00:00,2019-11-01T00:00:00
506,506,506,506,571670,2019-07-19T00:00:00,2019-08-02T00:00:00
507,507,507,507,516969,2019-07-20T00:00:00,2019-08-11T00:00:00
508,508,508,508,605513,2019-07-20T00:00:00,2019-08-05T00:00:00
509,509,509,509,542882,2019-07-20T00:00:00,2019-08-11T00:00:00
510,510,510,510,592773,2019-07-20T00:00:00,2019-08-05T00:00:00
511,511,511,511,571760,2019-07-20T00:00:00,2019-08-10T00:00:00
512,512,512,512,595281,2019-07-21T00:00:00,2019-07-31T00:00:00
513,513,513,513,608723,2019-07-21T00:00:00,2019-09-01T00:00:00
514,514,514,514,622766,2019-07-21T00:00:00,2019-11-04T00:00:00
515,515,515,515,518875,2019-07-22T00:00:00,2019-08-07T00:00:00
516,516,516,516,663423,2019-07-22T00:00:00,2019-08-01T00:00:00
517,517,517,517,605540,2019-07-22T00:00:00,2019-09-17T00:00:00
518,518,518,518,543068,2019-07-22T00:00:00,2019-08-03T00:00:00
519,519,519,519,641816,2019-07-22T00:00:00,2019-08-22T00:00:00
520,520,520,520,657624,2019-07-23T00:00:00,2019-09-01T00:00:00
521,521,521,521,650490,2019-07-23T00:00:00,2019-09-29T00:00:00
522,522,522,522,621439,2019-07-23T00:00:00,2019-07-25T00:00:00
523,523,523,523,543829,2019-07-23T00:00:00,2019-08-10T00:00:00
524,524,524,524,475582,2019-07-23T00:00:00,2019-09-01T00:00:00
525,525,525,525,596142,2019-07-24T00:00:00,2019-08-10T00:00:00
526,526,526,526,543543,2019-07-24T00:00:00,2019-08-04T00:00:00
527,527,527,527,605280,2019-07-24T00:00:00,2019-08-11T00:00:00
528,528,528,528,608336,2019-07-25T00:00:00,2019-11-04T00:00:00
529,529,529,529,605483,2019-07-25T00:00:00,2019-09-17T00:00:00
530,530,530,530,468504,2019-07-25T00:00:00,2019-08-26T00:00:00
531,531,531,531,458731,2019-07-25T00:00:00,2019-08-02T00:00:00
532,532,532,532,621005,2019-07-26T00:00:00,2019-08-06T00:00:00
533,533,533,533,492802,2019-07-26T00:00:00,2019-09-07T00:00:00
534,534,534,534,571657,2019-07-26T00:00:00,2019-07-28T00:00:00
535,535,535,535,607644,2019-07-26T00:00:00,2019-08-07T00:00:00
536,536,536,536,501896,2019-07-26T00:00:00,2019-09-01T00:00:00
537,537,537,537,548389,2019-07-27T00:00:00,2019-09-01T00:00:00
538,538,538,538,571912,2019-07-27T00:00:00,2019-09-14T00:00:00
539,539,539,539,642086,2019-07-27T00:00:00,2019-09-26T00:00:00
540,540,540,540,455976,2019-07-27T00:00:00,2019-09-13T00:00:00
541,541,541,541,598287,2019-07-27T00:00:00,2019-11-01T00:00:00
542,542,542,542,518614,2019-07-27T00:00:00,2019-09-01T00:00:00
543,543,543,543,621020,2019-07-27T00:00:00,2019-08-26T00:00:00
544,544,544,544,282332,2019-07-28T00:00:00,2019-08-18T00:00:00
545,545,545,545,453286,2019-07-29T00:00:00,2019-08-22T00:00:00
546,546,546,546,571771,2019-07-29T00:00:00,2019-08-20T00:00:00
547,547,547,547,519151,2019-07-30T00:00:00,2019-08-09T00:00:00
548,548,548,548,596105,2019-07-30T00:00:00,2019-08-22T00:00:00
549,549,549,549,467008,2019-07-30T00:00:00,2019-08-06T00:00:00
550,550,550,550,621514,2019-07-30T00:00:00,2019-08-22T00:00:00
551,551,551,551,571735,2019-07-31T00:00:00,2019-09-28T00:00:00
552,552,552,552,657656,2019-07-31T00:00:00,2019-09-06T00:00:00
553,553,553,553,518858,2019-07-31T00:00:00,2019-11-01T00:00:00
554,554,554,554,621563,2019-07-31T00:00:00,2019-08-25T00:00:00
555,555,555,555,572228,2019-07-31T00:00:00,2019-08-30T00:00:00
556,556,556,556,621366,2019-07-31T00:00:00,2019-11-04T00:00:00
557,557,557,557,572033,2019-07-31T00:00:00,2019-08-16T00:00:00
558,558,558,558,660162,2019-08-01T00:00:00,2019-08-22T00:00:00
559,559,559,559,543105,2019-08-01T00:00:00,2019-08-14T00:00:00
560,560,560,560,592390,2019-08-02T00:00:00,2019-09-23T00:00:00
561,561,561,561,547943,2019-08-02T00:00:00,2019-08-11T00:00:00
562,562,562,562,605388,2019-08-02T00:00:00,2019-11-04T00:00:00
563,563,563,563,621397,2019-08-02T00:00:00,2019-11-04T00:00:00
564,564,564,564,517593,2019-08-02T00:00:00,2019-11-04T00:00:00
565,565,565,565,621439,2019-08-03T00:00:00,2019-09-01T00:00:00
566,566,566,566,501381,2019-08-03T00:00:00,2019-08-15T00:00:00
567,567,567,567,621311,2019-08-03T00:00:00,2019-09-30T00:00:00
568,568,568,568,608334,2019-08-03T00:00:00,2019-09-01T00:00:00
569,569,569,569,641933,2019-08-03T00:00:00,2019-08-30T00:00:00
570,570,570,570,429665,2019-08-03T00:00:00,2019-09-03T00:00:00
571,571,571,571,592468,2019-08-03T00:00:00,2019-08-26T00:00:00
572,572,572,572,473879,2019-08-04T00:00:00,2019-08-13T00:00:00
573,573,573,573,606273,2019-08-04T00:00:00,2019-08-30T00:00:00
574,574,574,574,642008,2019-08-04T00:00:00,2019-11-04T00:00:00
575,575,575,575,570240,2019-08-04T00:00:00,2019-11-04T00:00:00
576,576,576,576,656288,2019-08-04T00:00:00,2019-08-13T00:00:00
577,577,577,577,492802,2019-08-04T00:00:00,2019-09-07T00:00:00
578,578,578,578,435062,2019-08-04T00:00:00,2019-08-12T00:00:00
579,579,579,579,543305,2019-08-04T00:00:00,2019-10-12T00:00:00
580,580,580,580,592743,2019-08-04T00:00:00,2019-08-23T00:00:00
581,581,581,581,575929,2019-08-04T00:00:00,2019-09-03T00:00:00
582,582,582,582,518886,2019-08-05T00:00:00,2019-08-18T00:00:00
583,583,583,583,519455,2019-08-05T00:00:00,2019-08-17T00:00:00
584,584,584,584,621005,2019-08-05T00:00:00,2019-08-06T00:00:00
585,585,585,585,605200,2019-08-05T00:00:00,2019-08-19T00:00:00
586,586,586,586,435522,2019-08-05T00:00:00,2019-08-16T00:00:00
587,587,587,587,527049,2019-08-05T00:00:00,2019-09-30T00:00:00
588,588,588,588,572703,2019-08-05T00:00:00,2019-08-16T00:00:00
589,589,589,589,518618,2019-08-05T00:00:00,2019-08-23T00:00:00
590,590,590,590,429664,2019-08-05T00:00:00,2019-09-03T00:00:00
591,591,591,591,630023,2019-08-05T00:00:00,2019-09-21T00:00:00
592,592,592,592,657077,2019-08-06T00:00:00,2019-09-30T00:00:00
593,593,593,593,656669,2019-08-06T00:00:00,2019-09-02T00:00:00
594,594,594,594,445213,2019-08-06T00:00:00,2019-08-16T00:00:00
595,595,595,595,518633,2019-08-06T00:00:00,2019-09-01T00:00:00
596,596,596,596,621466,2019-08-07T00:00:00,2019-08-16T00:00:00
597,597,597,597,500743,2019-08-07T00:00:00,2019-09-01T00:00:00
598,598,598,598,621453,2019-08-08T00:00:00,2019-11-04T00:00:00
599,599,599,599,670970,2019-08-08T00:00:00,2019-11-04T00:00:00
600,600,600,600,641312,2019-08-08T00:00:00,2019-08-24T00:00:00
601,601,601,601,456034,2019-08-08T00:00:00,2019-09-01T00:00:00
602,602,602,602,595956,2019-08-08T00:00:00,2019-09-01T00:00:00
603,603,603,603,663586,2019-08-08T00:00:00,2019-09-06T00:00:00
604,604,604,604,443558,2019-08-09T00:00:00,2019-08-19T00:00:00
605,605,605,605,457803,2019-08-09T00:00:00,2019-09-01T00:00:00
606,606,606,606,594027,2019-08-09T00:00:00,2019-09-01T00:00:00
607,607,607,607,620454,2019-08-09T00:00:00,2019-11-04T00:00:00
608,608,608,608,656547,2019-08-10T00:00:00,2019-11-04T00:00:00
609,609,609,609,595918,2019-08-10T00:00:00,2019-11-04T00:00:00
610,610,610,610,666971,2019-08-10T00:00:00,2019-09-14T00:00:00
611,611,611,611,518553,2019-08-10T00:00:00,2019-08-20T00:00:00
612,612,612,612,592444,2019-08-11T00:00:00,2019-10-31T00:00:00
613,613,613,613,605501,2019-08-11T00:00:00,2019-09-12T00:00:00
614,614,614,614,607345,2019-08-11T00:00:00,2019-08-24T00:00:00
615,615,615,615,500874,2019-08-12T00:00:00,2019-09-01T00:00:00
616,616,616,616,656308,2019-08-12T00:00:00,2019-09-30T00:00:00
617,617,617,617,593144,2019-08-12T00:00:00,2019-08-20T00:00:00
618,618,618,618,605121,2019-08-12T00:00:00,2019-09-08T00:00:00
619,619,619,619,605218,2019-08-13T00:00:00,2019-09-30T00:00:00
620,620,620,620,445926,2019-08-13T00:00:00,2019-11-04T00:00:00
621,621,621,621,643603,2019-08-13T00:00:00,2019-11-04T00:00:00
622,622,622,622,541645,2019-08-14T00:00:00,2019-08-24T00:00:00
623,623,623,623,643446,2019-08-14T00:00:00,2019-08-24T00:00:00
624,624,624,624,453562,2019-08-14T00:00:00,2019-11-04T00:00:00
625,625,625,625,467055,2019-08-14T00:00:00,2019-09-01T00:00:00
626,626,626,626,543278,2019-08-14T00:00:00,2019-10-24T00:00:00
627,627,627,627,592165,2019-08-15T00:00:00,2019-09-01T00:00:00
628,628,628,628,592662,2019-08-15T00:00:00,2019-08-25T00:00:00
629,629,629,629,665487,2019-08-16T00:00:00,2019-11-04T00:00:00
630,630,630,630,435079,2019-08-16T00:00:00,2019-11-04T00:00:00
631,631,631,631,519242,2019-08-17T00:00:00,2019-10-31T00:00:00
632,632,632,632,607229,2019-08-17T00:00:00,2019-09-30T00:00:00
633,633,633,633,673633,2019-08-17T00:00:00,2019-09-08T00:00:00
634,634,634,634,542255,2019-08-17T00:00:00,2019-09-30T00:00:00
635,635,635,635,596451,2019-08-17T00:00:00,2019-09-30T00:00:00
636,636,636,636,518452,2019-08-17T00:00:00,2019-08-27T00:00:00
637,637,637,637,448281,2019-08-18T00:00:00,2019-09-01T00:00:00
638,638,638,638,642731,2019-08-18T00:00:00,2019-11-01T00:00:00
639,639,639,639,649557,2019-08-18T00:00:00,2019-08-27T00:00:00
640,640,640,640,623184,2019-08-18T00:00:00,2019-11-04T00:00:00
641,641,641,641,458015,2019-08-18T00:00:00,2019-08-27T00:00:00
642,642,642,642,592716,2019-08-19T00:00:00,2019-09-01T00:00:00
643,643,643,643,657097,2019-08-19T00:00:00,2019-11-04T00:00:00
644,644,644,644,608577,2019-08-20T00:00:00,2019-09-01T00:00:00
645,645,645,645,502117,2019-08-20T00:00:00,2019-08-30T00:00:00
646,646,646,646,570267,2019-08-20T00:00:00,2019-09-17T00:00:00
647,647,647,647,435263,2019-08-21T00:00:00,2019-09-01T00:00:00
648,648,648,648,571670,2019-08-21T00:00:00,2019-09-01T00:00:00
649,649,649,649,592717,2019-08-21T00:00:00,2019-12-02T00:00:00
650,650,650,650,621043,2019-08-21T00:00:00,2019-09-17T00:00:00
651,651,651,651,605280,2019-08-21T00:00:00,2019-09-01T00:00:00
652,652,652,652,592351,2019-08-21T00:00:00,2019-11-04T00:00:00
653,653,653,653,502042,2019-08-21T00:00:00,2019-11-04T00:00:00
654,654,654,654,519151,2019-08-22T00:00:00,2019-09-20T00:00:00
655,655,655,655,607536,2019-08-22T00:00:00,2019-09-21T00:00:00
656,656,656,656,623470,2019-08-22T00:00:00,2019-09-10T00:00:00
657,657,657,657,608385,2019-08-22T00:00:00,2019-09-30T00:00:00
658,658,658,658,542888,2019-08-23T00:00:00,2019-09-01T00:00:00
659,659,659,659,656288,2019-08-23T00:00:00,2019-11-04T00:00:00
660,660,660,660,621512,2019-08-24T00:00:00,2019-09-01T00:00:00
661,661,661,661,444482,2019-08-24T00:00:00,2019-11-04T00:00:00
662,662,662,662,605119,2019-08-24T00:00:00,2019-11-01T00:00:00
663,663,663,663,592348,2019-08-24T00:00:00,2019-09-30T00:00:00
664,664,664,664,504379,2019-08-24T00:00:00,2019-09-24T00:00:00
665,665,665,665,621237,2019-08-25T00:00:00,2019-11-04T00:00:00
666,666,666,666,608070,2019-08-25T00:00:00,2019-09-24T00:00:00
667,667,667,667,502706,2019-08-25T00:00:00,2019-09-03T00:00:00
668,668,668,668,502026,2019-08-25T00:00:00,2019-09-01T00:00:00
669,669,669,669,572039,2019-08-26T00:00:00,2019-09-26T00:00:00
670,670,670,670,608566,2019-08-26T00:00:00,2019-09-30T00:00:00
671,671,671,671,606132,2019-08-26T00:00:00,2019-09-03T00:00:00
672,672,672,672,592169,2019-08-27T00:00:00,2019-09-30T00:00:00
673,673,673,673,641627,2019-08-27T00:00:00,2019-11-04T00:00:00
674,674,674,674,452254,2019-08-27T00:00:00,2019-09-30T00:00:00
675,675,675,675,502748,2019-08-28T00:00:00,2019-09-22T00:00:00
676,676,676,676,657141,2019-08-28T00:00:00,2019-09-21T00:00:00
677,677,677,677,608717,2019-08-29T00:00:00,2019-09-17T00:00:00
678,678,678,678,606162,2019-08-29T00:00:00,2019-09-08T00:00:00
679,679,679,679,642336,2019-08-30T00:00:00,2019-09-17T00:00:00
680,680,680,680,570482,2019-08-30T00:00:00,2019-09-08T00:00:00
681,681,681,681,445055,2019-08-30T00:00:00,2019-10-31T00:00:00
682,682,682,682,571970,2019-08-30T00:00:00,2019-09-13T00:00:00
683,683,683,683,657041,2019-08-30T00:00:00,2019-11-01T00:00:00
684,684,684,684,571980,2019-08-31T00:00:00,2019-11-04T00:00:00
685,685,685,685,543521,2019-08-31T00:00:00,2019-09-30T00:00:00
686,686,686,686,669374,2019-08-31T00:00:00,2019-09-11T00:00:00
687,687,687,687,282332,2019-08-31T00:00:00,2019-09-11T00:00:00
688,688,688,688,592135,2019-08-31T00:00:00,2019-09-30T00:00:00
689,689,689,689,502043,2019-09-01T00:00:00,2019-09-10T00:00:00
690,690,690,690,664092,2019-09-01T00:00:00,2019-11-04T00:00:00
691,691,691,691,595191,2019-09-01T00:00:00,2019-11-04T00:00:00
692,692,692,692,467055,2019-09-03T00:00:00,2019-10-31T00:00:00
693,693,693,693,571657,2019-09-04T00:00:00,2019-09-18T00:00:00
694,694,694,694,606625,2019-09-04T00:00:00,2019-11-04T00:00:00
695,695,695,695,656577,2019-09-05T00:00:00,2019-11-04T00:00:00
696,696,696,696,518886,2019-09-05T00:00:00,2019-09-19T00:00:00
697,697,697,697,608339,2019-09-07T00:00:00,2019-11-04T00:00:00
698,698,698,698,641829,2019-09-08T00:00:00,2019-11-04T00:00:00
699,699,699,699,571851,2019-09-08T00:00:00,2019-10-21T00:00:00
700,700,700,700,642456,2019-09-09T00:00:00,2019-10-31T00:00:00
701,701,701,701,621439,2019-09-10T00:00:00,2019-11-04T00:00:00
702,702,702,702,643565,2019-09-10T00:00:00,2019-09-30T00:00:00
703,703,703,703,571948,2019-09-11T00:00:00,2019-10-31T00:00:00
704,704,704,704,621345,2019-09-12T00:00:00,2019-11-04T00:00:00
705,705,705,705,642721,2019-09-12T00:00:00,2019-11-04T00:00:00
706,706,706,706,605195,2019-09-13T00:00:00,2019-11-04T00:00:00
707,707,707,707,622666,2019-09-13T00:00:00,2019-09-30T00:00:00
708,708,708,708,608365,2019-09-15T00:00:00,2019-09-19T00:00:00
709,709,709,709,453265,2019-09-15T00:00:00,2019-11-04T00:00:00
710,710,710,710,621385,2019-09-16T00:00:00,2019-10-24T00:00:00
711,711,711,711,572816,2019-09-17T00:00:00,2019-10-31T00:00:00
712,712,712,712,608337,2019-09-17T00:00:00,2019-09-30T00:00:00
713,713,713,713,518586,2019-09-17T00:00:00,2019-11-04T00:00:00
714,714,714,714,650859,2019-09-18T00:00:00,2019-11-04T00:00:00
715,715,715,715,476454,2019-09-18T00:00:00,2019-10-31T00:00:00
716,716,716,716,641835,2019-09-18T00:00:00,2019-11-04T00:00:00
717,717,717,717,592229,2019-09-19T00:00:00,2019-09-30T00:00:00
718,718,718,718,666971,2019-09-25T00:00:00,2019-11-04T00:00:00
719,719,719,719,643446,2019-09-26T00:00:00,2019-11-04T00:00:00
